846,Jack,2000
835,Jack,2004
1151,Jack,2008
831,Jack,2012
684,Jack,2016
594,James,2000
688,James,2004
737,James,2008
773,James,2012
688,James,2016
467,Daniel,2000
630,Daniel,2004
828,Daniel,2008
683,Daniel,2012
558,Daniel,2016
700,Conor,2000
736,Conor,2004
857,Conor,2008
639,Conor,2012
558,Conor,2016
816,Sean,2000
928,Sean,2004
970,Sean,2008
677,Sean,2012
501,Sean,2016
653,Adam,2000
688,Adam,2004
645,Adam,2008
558,Adam,2012
400,Adam,2016
356,Ryan,2000
451,Ryan,2004
670,Ryan,2008
510,Ryan,2012
318,Ryan,2016
483,Michael,2000
527,Michael,2004
483,Michael,2008
462,Michael,2012
394,Michael,2016
95,Harry,2000
137,Harry,2004
276,Harry,2008
510,Harry,2012
374,Harry,2016
7,Noah,2000
83,Noah,2004
181,Noah,2008
390,Noah,2012
446,Noah,2016
351,Thomas,2000
371,Thomas,2004
432,Thomas,2008
403,Thomas,2012
328,Thomas,2016
150,Alex,2000
322,Alex,2004
501,Alex,2008
392,Alex,2012
320,Alex,2016
488,Luke,2000
544,Luke,2004
516,Luke,2008
457,Luke,2012
375,Luke,2016
287,Oisin,2000
384,Oisin,2004
454,Oisin,2008
407,Oisin,2012
398,Oisin,2016
36,Charlie,2000
118,Charlie,2004
292,Charlie,2008
432,Charlie,2012
369,Charlie,2016
362,Patrick,2000
357,Patrick,2004
433,Patrick,2008
388,Patrick,2012
319,Patrick,2016
557,Cian,2000
546,Cian,2004
493,Cian,2008
406,Cian,2012
344,Cian,2016
257,Liam,2000
310,Liam,2004
437,Liam,2008
427,Liam,2012
333,Liam,2016
245,Darragh,2000
414,Darragh,2004
458,Darragh,2008
389,Darragh,2012
322,Darragh,2016
477,Dylan,2000
479,Dylan,2004
519,Dylan,2008
471,Dylan,2012
286,Dylan,2016
294,Jamie,2000
406,Jamie,2004
481,Jamie,2008
404,Jamie,2012
267,Jamie,2016
275,Matthew,2000
361,Matthew,2004
408,Matthew,2008
336,Matthew,2012
247,Matthew,2016
111,Cillian,2000
176,Cillian,2004
350,Cillian,2008
341,Cillian,2012
298,Cillian,2016
401,Aaron,2000
503,Aaron,2004
485,Aaron,2008
372,Aaron,2012
271,Aaron,2016
90,Fionn,2000
172,Fionn,2004
239,Fionn,2008
292,Fionn,2012
308,Fionn,2016
161,Jake,2000
206,Jake,2004
286,Jake,2008
265,Jake,2012
225,Jake,2016
398,John,2000
366,John,2004
377,John,2008
297,John,2012
269,John,2016
492,David,2000
459,David,2004
403,David,2008
292,David,2012
253,David,2016
234,Ben,2000
399,Ben,2004
349,Ben,2008
232,Ben,2012
250,Ben,2016
31,Finn,2000
92,Finn,2004
172,Finn,2008
218,Finn,2012
314,Finn,2016
223,Nathan,2000
271,Nathan,2004
245,Nathan,2008
295,Nathan,2012
192,Nathan,2016
139,Kyle,2000
216,Kyle,2004
223,Kyle,2008
252,Kyle,2012
191,Kyle,2016
119,Samuel,2000
209,Samuel,2004
218,Samuel,2008
213,Samuel,2012
193,Samuel,2016
250,Evan,2000
337,Evan,2004
317,Evan,2008
278,Evan,2012
216,Evan,2016
32,Max,2000
67,Max,2004
165,Max,2008
232,Max,2012
214,Max,2016
83,Ethan,2000
160,Ethan,2004
170,Ethan,2008
268,Ethan,2012
190,Ethan,2016
35,Rian,2000
59,Rian,2004
144,Rian,2008
243,Rian,2012
231,Rian,2016
220,Joseph,2000
232,Joseph,2004
268,Joseph,2008
196,Joseph,2012
153,Joseph,2016
81,Alexander,2000
132,Alexander,2004
185,Alexander,2008
161,Alexander,2012
160,Alexander,2016
"""..""",Mason,2000
"""..""",Mason,2004
18,Mason,2008
159,Mason,2012
186,Mason,2016
16,Oliver,2000
46,Oliver,2004
98,Oliver,2008
155,Oliver,2012
244,Oliver,2016
216,Joshua,2000
364,Joshua,2004
302,Joshua,2008
210,Joshua,2012
179,Joshua,2016
156,William,2000
141,William,2004
181,William,2008
169,William,2012
155,William,2016
368,Eoin,2000
429,Eoin,2004
311,Eoin,2008
228,Eoin,2012
135,Eoin,2016
0,Jayden,2000
9,Jayden,2004
167,Jayden,2008
197,Jayden,2012
125,Jayden,2016
17,Oscar,2000
54,Oscar,2004
132,Oscar,2008
"""..""",Oscar,2012
172,Oscar,2016
86,Callum,2000
130,Callum,2004
224,Callum,2008
215,Callum,2012
162,Callum,2016
75,Aidan,2000
124,Aidan,2004
151,Aidan,2008
172,Aidan,2012
152,Aidan,2016
38,Tom,2000
60,Tom,2004
113,Tom,2008
157,Tom,2012
197,Tom,2016
200,Robert,2000
196,Robert,2004
172,Robert,2008
175,Robert,2012
132,Robert,2016
54,Sam,2000
132,Sam,2004
155,Sam,2008
183,Sam,2012
190,Sam,2016
55,Tadhg,2000
100,Tadhg,2004
192,Tadhg,2008
224,Tadhg,2012
228,Tadhg,2016
39,Jacob,2000
38,Jacob,2004
71,Jacob,2008
140,Jacob,2012
195,Jacob,2016
207,Cathal,2000
209,Cathal,2004
233,Cathal,2008
160,Cathal,2012
116,Cathal,2016
400,Shane,2000
379,Shane,2004
294,Shane,2008
176,Shane,2012
119,Shane,2016
71,Leon,2000
76,Leon,2004
188,Leon,2008
161,Leon,2012
128,Leon,2016
351,Mark,2000
316,Mark,2004
254,Mark,2008
175,Mark,2012
98,Mark,2016
8,Senan,2000
48,Senan,2004
97,Senan,2008
126,Senan,2012
128,Senan,2016
0,Bobby,2000
30,Bobby,2004
72,Bobby,2008
141,Bobby,2012
165,Bobby,2016
165,Ronan,2000
182,Ronan,2004
191,Ronan,2008
167,Ronan,2012
99,Ronan,2016
230,Andrew,2000
216,Andrew,2004
192,Andrew,2008
151,Andrew,2012
98,Andrew,2016
153,Eoghan,2000
145,Eoghan,2004
179,Eoghan,2008
166,Eoghan,2012
101,Eoghan,2016
17,Leo,2000
57,Leo,2004
81,Leo,2008
96,Leo,2012
179,Leo,2016
11,Lucas,2000
15,Lucas,2004
73,Lucas,2008
109,Lucas,2012
123,Lucas,2016
89,Rory,2000
156,Rory,2004
172,Rory,2008
200,Rory,2012
97,Rory,2016
0,Alfie,2000
7,Alfie,2004
48,Alfie,2008
102,Alfie,2012
149,Alfie,2016
14,Tyler,2000
14,Tyler,2004
48,Tyler,2008
195,Tyler,2012
94,Tyler,2016
88,Benjamin,2000
135,Benjamin,2004
139,Benjamin,2008
116,Benjamin,2012
128,Benjamin,2016
126,Cormac,2000
147,Cormac,2004
167,Cormac,2008
116,Cormac,2012
85,Cormac,2016
85,Scott,2000
168,Scott,2004
126,Scott,2008
118,Scott,2012
103,Scott,2016
159,Christopher,2000
142,Christopher,2004
149,Christopher,2008
105,Christopher,2012
77,Christopher,2016
27,Odhran,2000
59,Odhran,2004
88,Odhran,2008
98,Odhran,2012
128,Odhran,2016
264,Kevin,2000
166,Kevin,2004
152,Kevin,2008
112,Kevin,2012
87,Kevin,2016
286,Ciaran,2000
253,Ciaran,2004
217,Ciaran,2008
143,Ciaran,2012
81,Ciaran,2016
49,Dara,2000
80,Dara,2004
99,Dara,2008
94,Dara,2012
71,Dara,2016
134,Alan,2000
86,Alan,2004
116,Alan,2008
108,Alan,2012
"""..""",Alan,2016
6,Shay,2000
23,Shay,2004
"""..""",Shay,2008
"""..""",Shay,2012
88,Shay,2016
"""..""",Tommy,2000
"""..""",Tommy,2004
38,Tommy,2008
101,Tommy,2012
110,Tommy,2016
118,Anthony,2000
81,Anthony,2004
101,Anthony,2008
77,Anthony,2012
84,Anthony,2016
"""..""",Logan,2000
"""..""",Logan,2004
"""..""",Logan,2008
80,Logan,2012
131,Logan,2016
0,Jakub,2000
0,Jakub,2004
138,Jakub,2008
106,Jakub,2012
"""..""",Jakub,2016
43,Rhys,2000
48,Rhys,2004
131,Rhys,2008
124,Rhys,2012
"""..""",Rhys,2016
39,Tomas,2000
72,Tomas,2004
88,Tomas,2008
86,Tomas,2012
85,Tomas,2016
"""..""",Donnacha,2000
"""..""",Donnacha,2004
76,Donnacha,2008
106,Donnacha,2012
101,Donnacha,2016
"""..""",Kai,2000
"""..""",Kai,2004
"""..""",Kai,2008
"""..""",Kai,2012
79,Kai,2016
250,Stephen,2000
205,Stephen,2004
154,Stephen,2008
84,Stephen,2012
"""..""",Stephen,2016
105,Killian,2000
96,Killian,2004
132,Killian,2008
104,Killian,2012
83,Killian,2016
199,Niall,2000
152,Niall,2004
98,Niall,2008
86,Niall,2012
"""..""",Niall,2016
191,Jason,2000
155,Jason,2004
123,Jason,2008
94,Jason,2012
71,Jason,2016
58,Josh,2000
134,Josh,2004
114,Josh,2008
103,Josh,2012
88,Josh,2016
"""..""",Kayden,2000
"""..""",Kayden,2004
"""..""",Kayden,2008
"""..""",Kayden,2012
"""..""",Kayden,2016
204,Brian,2000
165,Brian,2004
172,Brian,2008
90,Brian,2012
"""..""",Brian,2016
104,Martin,2000
88,Martin,2004
99,Martin,2008
91,Martin,2012
83,Martin,2016
46,Ruairi,2000
57,Ruairi,2004
93,Ruairi,2008
99,Ruairi,2012
"""..""",Ruairi,2016
"""..""",Isaac,2000
"""..""",Isaac,2004
"""..""",Isaac,2008
95,Isaac,2012
71,Isaac,2016
"""..""",Danny,2000
"""..""",Danny,2004
"""..""",Danny,2008
88,Danny,2012
100,Danny,2016
65,Edward,2000
63,Edward,2004
85,Edward,2008
84,Edward,2012
81,Edward,2016
43,Hugh,2000
66,Hugh,2004
76,Hugh,2008
"""..""",Hugh,2012
"""..""",Hugh,2016
27,Oran,2000
67,Oran,2004
93,Oran,2008
150,Oran,2012
"""..""",Oran,2016
0,Sebastian,2000
10,Sebastian,2004
53,Sebastian,2008
"""..""",Sebastian,2012
71,Sebastian,2016
131,Peter,2000
108,Peter,2004
127,Peter,2008
91,Peter,2012
"""..""",Peter,2016
44,Daire,2000
63,Daire,2004
"""..""",Daire,2008
"""..""",Daire,2012
"""..""",Daire,2016
0,Filip,2000
0,Filip,2004
82,Filip,2008
104,Filip,2012
"""..""",Filip,2016
158,Lee,2000
161,Lee,2004
"""..""",Lee,2008
"""..""",Lee,2012
"""..""",Lee,2016
182,Paul,2000
167,Paul,2004
113,Paul,2008
"""..""",Paul,2012
"""..""",Paul,2016
"""..""",Zach,2000
"""..""",Zach,2004
62,Zach,2008
93,Zach,2012
74,Zach,2016
55,Lorcan,2000
66,Lorcan,2004
"""..""",Lorcan,2008
"""..""",Lorcan,2012
75,Lorcan,2016
0,Kacper,2000
0,Kacper,2004
"""..""",Kacper,2008
79,Kacper,2012
"""..""",Kacper,2016
16,Billy,2000
54,Billy,2004
"""..""",Billy,2008
76,Billy,2012
91,Billy,2016
50,Kian,2000
102,Kian,2004
"""..""",Kian,2008
"""..""",Kian,2012
"""..""",Kian,2016
157,Dean,2000
124,Dean,2004
"""..""",Dean,2008
"""..""",Dean,2012
"""..""",Dean,2016
64,Richard,2000
51,Richard,2004
"""..""",Richard,2008
"""..""",Richard,2012
"""..""",Richard,2016
6,Daithi,2000
9,Daithi,2004
52,Daithi,2008
"""..""",Daithi,2012
87,Daithi,2016
20,Calum,2000
46,Calum,2004
128,Calum,2008
"""..""",Calum,2012
"""..""",Calum,2016
35,Charles,2000
64,Charles,2004
"""..""",Charles,2008
"""..""",Charles,2012
"""..""",Charles,2016
70,Padraig,2000
72,Padraig,2004
"""..""",Padraig,2008
"""..""",Padraig,2012
"""..""",Padraig,2016
32,Louis,2000
52,Louis,2004
"""..""",Louis,2008
"""..""",Louis,2012
88,Louis,2016
51,Reece,2000
45,Reece,2004
"""..""",Reece,2008
"""..""",Reece,2012
"""..""",Reece,2016
64,Daragh,2000
71,Daragh,2004
"""..""",Daragh,2008
"""..""",Daragh,2012
"""..""",Daragh,2016
0,Patryk,2000
0,Patryk,2004
"""..""",Patryk,2008
"""..""",Patryk,2012
"""..""",Patryk,2016
77,Jonathan,2000
61,Jonathan,2004
"""..""",Jonathan,2008
"""..""",Jonathan,2012
"""..""",Jonathan,2016
60,Gerard,2000
42,Gerard,2004
"""..""",Gerard,2008
"""..""",Gerard,2012
"""..""",Gerard,2016
54,Karl,2000
59,Karl,2004
"""..""",Karl,2008
"""..""",Karl,2012
"""..""",Karl,2016
54,Eric,2000
58,Eric,2004
"""..""",Eric,2008
"""..""",Eric,2012
"""..""",Eric,2016
"""..""",George,2000
"""..""",George,2004
"""..""",George,2008
"""..""",George,2012
77,George,2016
89,Colm,2000
88,Colm,2004
"""..""",Colm,2008
"""..""",Colm,2012
"""..""",Colm,2016
75,Philip,2000
41,Philip,2004
"""..""",Philip,2008
"""..""",Philip,2012
"""..""",Philip,2016
48,Seamus,2000
39,Seamus,2004
"""..""",Seamus,2008
"""..""",Seamus,2012
"""..""",Seamus,2016
22,Tristan,2000
28,Tristan,2004
"""..""",Tristan,2008
"""..""",Tristan,2012
"""..""",Tristan,2016
73,Brendan,2000
57,Brendan,2004
"""..""",Brendan,2008
"""..""",Brendan,2012
"""..""",Brendan,2016
47,Shaun,2000
45,Shaun,2004
"""..""",Shaun,2008
"""..""",Shaun,2012
"""..""",Shaun,2016
53,Steven,2000
34,Steven,2004
"""..""",Steven,2008
"""..""",Steven,2012
"""..""",Steven,2016
88,Brandon,2000
85,Brandon,2004
"""..""",Brandon,2008
"""..""",Brandon,2012
"""..""",Brandon,2016
62,Diarmuid,2000
68,Diarmuid,2004
"""..""",Diarmuid,2008
"""..""",Diarmuid,2012
"""..""",Diarmuid,2016
124,Ross,2000
139,Ross,2004
"""..""",Ross,2008
"""..""",Ross,2012
"""..""",Ross,2016
61,Cameron,2000
51,Cameron,2004
"""..""",Cameron,2008
"""..""",Cameron,2012
"""..""",Cameron,2016
126,Gavin,2000
123,Gavin,2004
"""..""",Gavin,2008
"""..""",Gavin,2012
"""..""",Gavin,2016
44,Connor,2000
75,Connor,2004
"""..""",Connor,2008
"""..""",Connor,2012
"""..""",Connor,2016
42,Christian,2000
64,Christian,2004
"""..""",Christian,2008
"""..""",Christian,2012
"""..""",Christian,2016
22,Marcus,2000
32,Marcus,2004
"""..""",Marcus,2008
"""..""",Marcus,2012
"""..""",Marcus,2016
61,Keith,2000
43,Keith,2004
"""..""",Keith,2008
"""..""",Keith,2012
"""..""",Keith,2016
133,Darren,2000
87,Darren,2004
"""..""",Darren,2008
"""..""",Darren,2012
"""..""",Darren,2016
45,Dillon,2000
33,Dillon,2004
"""..""",Dillon,2008
"""..""",Dillon,2012
"""..""",Dillon,2016
62,Owen,2000
67,Owen,2004
"""..""",Owen,2008
"""..""",Owen,2012
"""..""",Owen,2016
70,Colin,2000
99,Colin,2004
"""..""",Colin,2008
"""..""",Colin,2012
"""..""",Colin,2016
"""..""",Muhammad,2000
"""..""",Muhammad,2004
"""..""",Muhammad,2008
"""..""",Muhammad,2012
85,Muhammad,2016
"""..""",Henry,2000
"""..""",Henry,2004
"""..""",Henry,2008
"""..""",Henry,2012
94,Henry,2016
37,Glen,2000
30,Glen,2004
"""..""",Glen,2008
"""..""",Glen,2012
"""..""",Glen,2016
0,Szymon,2000
0,Szymon,2004
"""..""",Szymon,2008
"""..""",Szymon,2012
"""..""",Szymon,2016
44,Simon,2000
49,Simon,2004
"""..""",Simon,2008
"""..""",Simon,2012
"""..""",Simon,2016
57,Barry,2000
44,Barry,2004
"""..""",Barry,2008
"""..""",Barry,2012
"""..""",Barry,2016
44,Declan,2000
45,Declan,2004
"""..""",Declan,2008
"""..""",Declan,2012
"""..""",Declan,2016
41,Emmet,2000
32,Emmet,2004
"""..""",Emmet,2008
"""..""",Emmet,2012
"""..""",Emmet,2016
38,Denis,2000
39,Denis,2004
"""..""",Denis,2008
"""..""",Denis,2012
"""..""",Denis,2016
315,Jordan,2000
60,Jordan,2004
"""..""",Jordan,2008
"""..""",Jordan,2012
"""..""",Jordan,2016
41,Donal,2000
31,Donal,2004
"""..""",Donal,2008
"""..""",Donal,2012
"""..""",Donal,2016
70,Ian,2000
38,Ian,2004
"""..""",Ian,2008
"""..""",Ian,2012
"""..""",Ian,2016
58,Gary,2000
50,Gary,2004
"""..""",Gary,2008
"""..""",Gary,2012
"""..""",Gary,2016
46,Neil,2000
28,Neil,2004
"""..""",Neil,2008
"""..""",Neil,2012
"""..""",Neil,2016
"""..""",Hugo,2000
"""..""",Hugo,2004
"""..""",Hugo,2008
"""..""",Hugo,2012
82,Hugo,2016
140,Craig,2000
91,Craig,2004
"""..""",Craig,2008
"""..""",Craig,2012
"""..""",Craig,2016
109,Kieran,2000
89,Kieran,2004
"""..""",Kieran,2008
"""..""",Kieran,2012
"""..""",Kieran,2016
10,Emmanuel,2000
46,Emmanuel,2004
"""..""",Emmanuel,2008
"""..""",Emmanuel,2012
"""..""",Emmanuel,2016
"""..""",Ollie,2000
"""..""",Ollie,2004
"""..""",Ollie,2008
97,Ollie,2012
150,Ollie,2016
"""..""",Luca,2000
"""..""",Luca,2004
"""..""",Luca,2008
"""..""",Luca,2012
77,Luca,2016
